{"cameraMode":{"drawMode":0,"name":"Shaded","section":"Shading Mode"},"sceneLighting":true,"audioPlay":false,"sceneViewState":{"showFog":true,"showMaterialUpdate":false,"showSkybox":true,"showFlares":true,"showImageEffects":true,"showParticleSystems":true},"in2DMode":false,"pivot":{"x":-0.15749122202396394,"y":0.6750302314758301,"z":-0.9326068162918091},"rotation":{"x":-0.04189222678542137,"y":-0.1321600377559662,"z":0.005881016608327627,"w":-0.990426778793335},"size":1.7791075706481934,"orthographic":false}