{"cameraMode":{"drawMode":0,"name":"Shaded","section":"Shading Mode"},"sceneLighting":true,"audioPlay":false,"sceneViewState":{"showFog":true,"showMaterialUpdate":false,"showSkybox":true,"showFlares":true,"showImageEffects":true,"showParticleSystems":true},"in2DMode":false,"pivot":{"x":-0.8010721206665039,"y":-1.175658106803894,"z":1.635832667350769},"rotation":{"x":-0.32565736770629885,"y":0.1753191351890564,"z":-0.06162944436073303,"w":-0.9270942807197571},"size":2.1048552989959719,"orthographic":false}